<?xml version="1.0" encoding="UTF-8"?>
<classpath>
	<classpathentry kind="src" path="src"/>
	<classpathentry kind="src" path="database"/>
	<classpathentry kind="con" path="org.eclipse.jdt.launching.JRE_CONTAINER/org.eclipse.jdt.internal.debug.ui.launcher.StandardVMType/jre1.8.0_66"/>
	<classpathentry kind="con" path="org.eclipse.fx.ide.jdt.core.JAVAFX_CONTAINER"/>
	<classpathentry kind="lib" path="lib/javax.persistence_2.1.0.v201304241213.jar"/>
	<classpathentry kind="lib" path="lib/mysql-connector-java-5.1.35-bin.jar"/>
	<classpathentry kind="lib" path="lib/eclipselink.jar"/>
	<classpathentry kind="lib" path="lib/junit-4.11.jar"/>
	<classpathentry kind="lib" path="lib/mysql-connector-java-5.1.31-bin.jar"/>
	<classpathentry kind="lib" path="lib/ojdbc6.jar"/>
	<classpathentry kind="output" path="bin"/>
</classpath>
